#,Name,Stage,Type 1,Type 2,Total,HP,Attack,Defense,Sp. Atk,Sp. Def,Speed,Heights (m),Weight (kg),Generation
1,Bulbasaur,1,Grass,Poison,318,45,49,49,65,65,45,0.7,6.9,1
2,Ivysaur,1,Grass,Poison,405,60,62,63,80,80,60,1.0,13.0,1
3,Venusaur,2,Grass,Poison,525,80,82,83,100,100,80,2.0,100.0,1
4,Charmander,1,Fire,,309,39,52,43,60,50,65,0.6,8.5,1
5,Charmeleon,1,Fire,,405,58,64,58,80,65,80,1.1,19.0,1
6,Charizard,2,Fire,Flying,534,78,84,78,109,85,100,1.7,90.5,1
7,Squirtle,1,Water,,314,44,48,65,50,64,43,0.5,9.0,1
8,Wartortle,1,Water,,405,59,63,80,65,80,58,1.0,22.5,1
9,Blastoise,2,Water,,530,79,83,100,85,105,78,1.6,85.5,1
10,Caterpie,1,Bug,,195,45,30,35,20,20,45,0.3,2.9,1
11,Metapod,1,Bug,,205,50,20,55,25,25,30,0.7,9.9,1
12,Butterfree,2,Bug,Flying,395,60,45,50,90,80,70,1.1,32.0,1
13,Weedle,1,Bug,Poison,195,40,35,30,20,20,50,0.3,3.2,1
14,Kakuna,1,Bug,Poison,205,45,25,50,25,25,35,0.6,10.0,1
15,Beedrill,2,Bug,Poison,395,65,90,40,45,80,75,1.0,29.5,1
16,Pidgey,1,Normal,Flying,251,40,45,40,35,35,56,0.3,1.8,1
17,Pidgeotto,1,Normal,Flying,349,63,60,55,50,50,71,1.1,30.0,1
18,Pidgeot,2,Normal,Flying,479,83,80,75,70,70,101,1.5,39.5,1
19,Rattata,1,Normal,,253,30,56,35,25,35,72,0.3,3.5,1
20,Raticate,2,Normal,,413,55,81,60,50,70,97,0.7,18.5,1
21,Spearow,1,Normal,Flying,262,40,60,30,31,31,70,0.3,2.0,1
22,Fearow,2,Normal,Flying,442,65,90,65,61,61,100,1.2,38.0,1
23,Ekans,1,Poison,,288,35,60,44,40,54,55,2.0,6.9,1
24,Arbok,2,Poison,,438,60,85,69,65,79,80,3.5,65.0,1
25,Pikachu,1,Electric,,320,35,55,40,50,50,90,0.4,6.0,1
26,Raichu,2,Electric,,485,60,90,55,90,80,110,0.8,30.0,1
27,Sandshrew,1,Ground,,300,50,75,85,20,30,40,0.6,12.0,1
28,Sandslash,2,Ground,,450,75,100,110,45,55,65,1.0,29.5,1
29,Nidoran♀,1,Poison,,275,55,47,52,40,40,41,0.4,7.0,1
30,Nidorina,1,Poison,,365,70,62,67,55,55,56,0.8,20.0,1
31,Nidoqueen,2,Poison,Ground,505,90,92,87,75,85,76,1.3,60.0,1
32,Nidoran♂,1,Poison,,273,46,57,40,40,40,50,0.5,9.0,1
33,Nidorino,1,Poison,,365,61,72,57,55,55,65,0.9,19.5,1
34,Nidoking,2,Poison,Ground,505,81,102,77,85,75,85,1.4,62.0,1
35,Clefairy,1,Fairy,,323,70,45,48,60,65,35,0.6,7.5,1
36,Clefable,2,Fairy,,483,95,70,73,95,90,60,1.3,40.0,1
37,Vulpix,1,Fire,,299,38,41,40,50,65,65,0.6,9.9,1
38,Ninetales,2,Fire,,505,73,76,75,81,100,100,1.1,19.9,1
39,Jigglypuff,1,Normal,Fairy,270,115,45,20,45,25,20,0.5,5.5,1
40,Wigglytuff,2,Normal,Fairy,435,140,70,45,85,50,45,1.0,12.0,1
41,Zubat,1,Poison,Flying,245,40,45,35,30,40,55,0.8,7.5,1
42,Golbat,1,Poison,Flying,455,75,80,70,65,75,90,1.6,55.0,1
43,Oddish,1,Grass,Poison,320,45,50,55,75,65,30,0.5,5.4,1
44,Gloom,1,Grass,Poison,395,60,65,70,85,75,40,0.8,8.6,1
45,Vileplume,2,Grass,Poison,490,75,80,85,110,90,50,1.2,18.6,1
46,Paras,1,Bug,Grass,285,35,70,55,45,55,25,0.3,5.4,1
47,Parasect,2,Bug,Grass,405,60,95,80,60,80,30,1.0,29.5,1
48,Venonat,1,Bug,Poison,305,60,55,50,40,55,45,1.0,30.0,1
49,Venomoth,2,Bug,Poison,450,70,65,60,90,75,90,1.5,12.5,1
50,Diglett,1,Ground,,265,10,55,25,35,45,95,0.2,0.8,1
51,Dugtrio,2,Ground,,405,35,80,50,50,70,120,0.7,33.3,1
52,Meowth,1,Normal,,290,40,45,35,40,40,90,0.4,4.2,1
53,Persian,2,Normal,,440,65,70,60,65,65,115,1.0,32.0,1
54,Psyduck,1,Water,,320,50,52,48,65,50,55,0.8,19.6,1
55,Golduck,2,Water,,500,80,82,78,95,80,85,1.7,76.6,1
56,Mankey,1,Fighting,,305,40,80,35,35,45,70,0.5,28.0,1
57,Primeape,2,Fighting,,455,65,105,60,60,70,95,1.0,32.0,1
58,Growlithe,1,Fire,,350,55,70,45,70,50,60,0.7,19.0,1
59,Arcanine,2,Fire,,555,90,110,80,100,80,95,1.9,155.0,1
60,Poliwag,1,Water,,300,40,50,40,40,40,90,0.6,12.4,1
61,Poliwhirl,1,Water,,385,65,65,65,50,50,90,1.0,20.0,1
62,Poliwrath,2,Water,Fighting,510,90,95,95,70,90,70,1.3,54.0,1
63,Abra,1,Psychic,,310,25,20,15,105,55,90,0.9,19.5,1
64,Kadabra,1,Psychic,,400,40,35,30,120,70,105,1.3,56.5,1
65,Alakazam,2,Psychic,,500,55,50,45,135,95,120,1.5,48.0,1
66,Machop,1,Fighting,,305,70,80,50,35,35,35,0.8,19.5,1
67,Machoke,1,Fighting,,405,80,100,70,50,60,45,1.5,70.5,1
68,Machamp,2,Fighting,,505,90,130,80,65,85,55,1.6,130.0,1
69,Bellsprout,1,Grass,Poison,300,50,75,35,70,30,40,0.7,4.0,1
70,Weepinbell,1,Grass,Poison,390,65,90,50,85,45,55,1.0,6.4,1
71,Victreebel,2,Grass,Poison,490,80,105,65,100,70,70,1.7,15.5,1
72,Tentacool,1,Water,Poison,335,40,40,35,50,100,70,0.9,45.5,1
73,Tentacruel,2,Water,Poison,515,80,70,65,80,120,100,1.6,55.0,1
74,Geodude,1,Rock,Ground,300,40,80,100,30,30,20,0.4,20,1
75,Graveler,1,Rock,Ground,390,55,95,115,45,45,35,1.0,105.0,1
76,Golem,2,Rock,Ground,495,80,120,130,55,65,45,1.4,300.0,1
77,Ponyta,1,Fire,,410,50,85,55,65,65,90,1.0,30.0,1
78,Rapidash,2,Fire,,500,65,100,70,80,80,105,1.7,95.0,1
79,Slowpoke,1,Water,Psychic,315,90,65,65,40,40,15,1.2,36.0,1
80,Slowbro,2,Water,Psychic,490,95,75,110,100,80,30,1.6,78.5,1
81,Magnemite,1,Electric,Steel,325,25,35,70,95,55,45,0.3,6.0,1
82,Magneton,1,Electric,Steel,465,50,60,95,120,70,70,1.0,60.0,1
83,Farfetch'd,0,Normal,Flying,352,52,65,55,58,62,60,0.8,15.0,1
84,Doduo,1,Normal,Flying,310,35,85,45,35,35,75,1.4,39.2,1
85,Dodrio,2,Normal,Flying,460,60,110,70,60,60,100,1.8,85.2,1
86,Seel,1,Water,,325,65,45,55,45,70,45,1.1,90.0,1
87,Dewgong,2,Water,Ice,475,90,70,80,70,95,70,1.7,120.0,1
88,Grimer,1,Poison,,325,80,80,50,40,50,25,0.9,30.0,1
89,Muk,2,Poison,,500,105,105,75,65,100,50,1.2,30.0,1
90,Shellder,1,Water,,305,30,65,100,45,25,40,0.3,4.0,1
91,Cloyster,2,Water,Ice,525,50,95,180,85,45,70,1.5,132.5,1
92,Gastly,1,Ghost,Poison,310,30,35,30,100,35,80,1.3,0.1,1
93,Haunter,1,Ghost,Poison,405,45,50,45,115,55,95,1.6,0.1,1
94,Gengar,2,Ghost,Poison,500,60,65,60,130,75,110,1.5,40.5,1
95,Onix,1,Rock,Ground,385,35,45,160,30,45,70,8.8,210.0,1
96,Drowzee,1,Psychic,,328,60,48,45,43,90,42,1.0,32.4,1
97,Hypno,2,Psychic,,483,85,73,70,73,115,67,1.6,75.6,1
98,Krabby,1,Water,,325,30,105,90,25,25,50,0.4,6.5,1
99,Kingler,2,Water,,475,55,130,115,50,50,75,1.3,60.0,1
100,Voltorb,1,Electric,,330,40,30,50,55,55,100,0.5,10.4,1
101,Electrode,2,Electric,,480,60,50,70,80,80,140,1.2,66.6,1
102,Exeggcute,1,Grass,Psychic,325,60,40,80,60,45,40,0.4,2.5,1
103,Exeggutor,2,Grass,Psychic,520,95,95,85,125,65,55,2.0,120.0,1
104,Cubone,1,Ground,,320,50,50,95,40,50,35,0.4,6.5,1
105,Marowak,2,Ground,,425,60,80,110,50,80,45,1.0,45.0,1
106,Hitmonlee,2,Fighting,,455,50,120,53,35,110,87,1.5,49.8,1
107,Hitmonchan,2,Fighting,,455,50,105,79,35,110,76,1.4,50.2,1
108,Lickitung,1,Normal,,385,90,55,75,60,75,30,1.2,65.5,1
109,Koffing,1,Poison,,340,40,65,95,60,45,35,0.6,1.0,1
110,Weezing,2,Poison,,490,65,90,120,85,70,60,1.2,9.5,1
111,Rhyhorn,1,Ground,Rock,345,80,85,95,30,30,25,1.0,115.0,1
112,Rhydon,1,Ground,Rock,485,105,130,120,45,45,40,1.9,120.0,1
113,Chansey,1,Normal,,450,250,5,5,35,105,50,1.1,34.6,1
114,Tangela,1,Grass,,435,65,55,115,100,40,60,1.0,35.0,1
115,Kangaskhan,0,Normal,,490,105,95,80,40,80,90,2.2,80.0,1
116,Horsea,1,Water,,295,30,40,70,70,25,60,0.4,8.0,1
117,Seadra,1,Water,,440,55,65,95,95,45,85,1.2,25.0,1
118,Goldeen,1,Water,,320,45,67,60,35,50,63,0.6,15.0,1
119,Seaking,2,Water,,450,80,92,65,65,80,68,1.3,39.0,1
120,Staryu,1,Water,,340,30,45,55,70,55,85,0.8,34.5,1
121,Starmie,2,Water,Psychic,520,60,75,85,100,85,115,1.1,80.0,1
122,Mr. Mime,2,Psychic,Fairy,460,40,45,65,100,120,90,1.3,54.5,1
123,Scyther,1,Bug,Flying,500,70,110,80,55,80,105,1.5,56.0,1
124,Jynx,2,Ice,Psychic,455,65,50,35,115,95,95,1.4,40.6,1
125,Electabuzz,1,Electric,,490,65,83,57,95,85,105,1.1,30.0,1
126,Magmar,1,Fire,,495,65,95,57,100,85,93,1.3,44.5,1
127,Pinsir,0,Bug,,500,65,125,100,55,70,85,1.5,55.0,1
128,Tauros,0,Normal,,490,75,100,95,40,70,110,1.4,88.4,1
129,Magikarp,1,Water,,200,20,10,55,15,20,80,0.9,10.0,1
130,Gyarados,2,Water,Flying,540,95,125,79,60,100,81,6.5,235.0,1
131,Lapras,0,Water,Ice,535,130,85,80,85,95,60,2.5,220.0,1
132,Ditto,0,Normal,,288,48,48,48,48,48,48,0.3,4.0,1
133,Eevee,1,Normal,,325,55,55,50,45,65,55,0.3,6.5,1
134,Vaporeon,2,Water,,525,130,65,60,110,95,65,1.0,29.0,1
135,Jolteon,2,Electric,,525,65,65,60,110,95,130,0.8,24.5,1
136,Flareon,2,Fire,,525,65,130,60,95,110,65,0.9,25.0,1
137,Porygon,1,Normal,,395,65,60,70,85,75,40,0.8,36.5,1
138,Omanyte,1,Rock,Water,355,35,40,100,90,55,35,0.4,7.5,1
139,Omastar,2,Rock,Water,495,70,60,125,115,70,55,1.0,35.0,1
140,Kabuto,1,Rock,Water,355,30,80,90,55,45,55,0.5,11.5,1
141,Kabutops,2,Rock,Water,495,60,115,105,65,70,80,1.3,40.5,1
142,Aerodactyl,0,Rock,Flying,515,80,105,65,60,75,130,1.8,59.0,1
143,Snorlax,2,Normal,,540,160,110,65,65,110,30,2.1,460.0,1
144,Articuno,3,Ice,Flying,580,90,85,100,95,125,85,1.7,55.4,1
145,Zapdos,3,Electric,Flying,580,90,90,85,125,90,100,1.6,52.6,1
146,Moltres,3,Fire,Flying,580,90,100,90,125,85,90,2.0,60.0,1
147,Dratini,1,Dragon,,300,41,64,45,50,50,50,1.8,3.3,1
148,Dragonair,1,Dragon,,420,61,84,65,70,70,70,4.0,16.5,1
149,Dragonite,2,Dragon,Flying,600,91,134,95,100,100,80,2.2,210.0,1
150,Mewtwo,3,Psychic,,680,106,110,90,154,90,130,2.0,122.0,1
151,Mew,4,Psychic,,600,100,100,100,100,100,100,0.4,4.0,1
152,Chikorita,1,Grass,,318,45,49,65,49,65,45,0.9,6.4,2
153,Bayleef,1,Grass,,405,60,62,80,63,80,60,1.2,15.8,2
154,Meganium,2,Grass,,525,80,82,100,83,100,80,1.8,100.5,2
155,Cyndaquil,1,Fire,,309,39,52,43,60,50,65,0.5,7.9,2
156,Quilava,1,Fire,,405,58,64,58,80,65,80,0.9,19.0,2
157,Typhlosion,2,Fire,,534,78,84,78,109,85,100,1.7,79.5,2
158,Totodile,1,Water,,314,50,65,64,44,48,43,0.6,9.5,2
159,Croconaw,1,Water,,405,65,80,80,59,63,58,1.1,25.0,2
160,Feraligatr,2,Water,,530,85,105,100,79,83,78,2.3,88.8,2
161,Sentret,1,Normal,,215,35,46,34,35,45,20,0.8,6.0,2
162,Furret,2,Normal,,415,85,76,64,45,55,90,1.8,32.5,2
163,Hoothoot,1,Normal,Flying,262,60,30,30,36,56,50,0.7,21.2,2
164,Noctowl,2,Normal,Flying,442,100,50,50,76,96,70,1.6,40.8,2
165,Ledyba,1,Bug,Flying,265,40,20,30,40,80,55,1.0,10.8,2
166,Ledian,2,Bug,Flying,390,55,35,50,55,110,85,1.4,35.6,2
167,Spinarak,1,Bug,Poison,250,40,60,40,40,40,30,0.5,8.5,2
168,Ariados,2,Bug,Poison,390,70,90,70,60,60,40,1.1,33.5,2
169,Crobat,2,Poison,Flying,535,85,90,80,70,80,130,1.8,75.0,2
170,Chinchou,1,Water,Electric,330,75,38,38,56,56,67,0.5,12.0,2
171,Lanturn,2,Water,Electric,460,125,58,58,76,76,67,1.2,22.5,2
172,Pichu,1,Electric,,205,20,40,15,35,35,60,0.3,2.0,2
173,Cleffa,1,Fairy,,218,50,25,28,45,55,15,0.3,3.0,2
174,Igglybuff,1,Normal,Fairy,210,90,30,15,40,20,15,0.3,1.0,2
175,Togepi,1,Fairy,,245,35,20,65,40,65,20,0.3,1.5,2
176,Togetic,1,Fairy,Flying,405,55,40,85,80,105,40,0.6,3.2,2
177,Natu,1,Psychic,Flying,320,40,50,45,70,45,70,0.2,2.0,2
178,Xatu,2,Psychic,Flying,470,65,75,70,95,70,95,1.5,15.0,2
179,Mareep,1,Electric,,280,55,40,40,65,45,35,0.6,7.8,2
180,Flaaffy,1,Electric,,365,70,55,55,80,60,45,0.8,13.3,2
181,Ampharos,2,Electric,,510,90,75,85,115,90,55,1.4,61.5,2
182,Bellossom,2,Grass,,490,75,80,95,90,100,50,0.4,5.8,2
183,Marill,1,Water,Fairy,250,70,20,50,20,50,40,0.4,8.5,2
184,Azumarill,2,Water,Fairy,420,100,50,80,60,80,50,0.8,28.5,2
185,Sudowoodo,2,Rock,,410,70,100,115,30,65,30,1.2,38.0,2
186,Politoed,2,Water,,500,90,75,75,90,100,70,1.1,33.9,2
187,Hoppip,1,Grass,Flying,250,35,35,40,35,55,50,0.4,0.5,2
188,Skiploom,1,Grass,Flying,340,55,45,50,45,65,80,0.6,1.0,2
189,Jumpluff,2,Grass,Flying,460,75,55,70,55,95,110,0.8,3.0,2
190,Aipom,1,Normal,,360,55,70,55,40,55,85,0.8,11.5,2
191,Sunkern,1,Grass,,180,30,30,30,30,30,30,0.3,1.8,2
192,Sunflora,2,Grass,,425,75,75,55,105,85,30,0.8,8.5,2
193,Yanma,1,Bug,Flying,390,65,65,45,75,45,95,1.2,38.0,2
194,Wooper,1,Water,Ground,210,55,45,45,25,25,15,0.4,8.5,2
195,Quagsire,2,Water,Ground,430,95,85,85,65,65,35,1.4,75.0,2
196,Espeon,2,Psychic,,525,65,65,60,130,95,110,0.9,26.5,2
197,Umbreon,2,Dark,,525,95,65,110,60,130,65,1.0,27.0,2
198,Murkrow,1,Dark,Flying,405,60,85,42,85,42,91,0.5,2.1,2
199,Slowking,2,Water,Psychic,490,95,75,80,100,110,30,2.0,79.5,2
200,Misdreavus,1,Ghost,,435,60,60,60,85,85,85,0.7,1.0,2
201,Unown,0,Psychic,,336,48,72,48,72,48,48,0.5,5.0,2
202,Wobbuffet,2,Psychic,,405,190,33,58,33,58,33,1.3,28.5,2
203,Girafarig,2,Normal,Psychic,455,70,80,65,90,65,85,1.5,41.5,2
204,Pineco,1,Bug,,290,50,65,90,35,35,15,0.6,7.2,2
205,Forretress,2,Bug,Steel,465,75,90,140,60,60,40,1.2,125.8,2
206,Dunsparce,0,Normal,,415,100,70,70,65,65,45,1.5,14.0,2
207,Gligar,1,Ground,Flying,430,65,75,105,35,65,85,1.1,64.8,2
208,Steelix,2,Steel,Ground,510,75,85,200,55,65,30,9.2,400.0,2
209,Snubbull,1,Fairy,,300,60,80,50,40,40,30,0.6,7.8,2
210,Granbull,2,Fairy,,450,90,120,75,60,60,45,1.4,48.7,2
211,Qwilfish,0,Water,Poison,430,65,95,75,55,55,85,0.5,3.9,2
212,Scizor,2,Bug,Steel,500,70,130,100,55,80,65,1.8,118.0,2
213,Shuckle,0,Bug,Rock,505,20,10,230,10,230,5,0.6,20.5,2
214,Heracross,0,Bug,Fighting,500,80,125,75,40,95,85,1.5,54.0,2
215,Sneasel,1,Dark,Ice,430,55,95,55,35,75,115,0.9,28.0,2
216,Teddiursa,1,Normal,,330,60,80,50,50,50,40,0.6,8.8,2
217,Ursaring,2,Normal,,500,90,130,75,75,75,55,1.8,125.8,2
218,Slugma,1,Fire,,250,40,40,40,70,40,20,0.7,35.0,2
219,Magcargo,2,Fire,Rock,410,50,50,120,80,80,30,0.8,55.0,2
220,Swinub,1,Ice,Ground,250,50,50,40,30,30,50,0.4,6.5,2
221,Piloswine,1,Ice,Ground,450,100,100,80,60,60,50,1.1,55.8,2
222,Corsola,0,Water,Rock,380,55,55,85,65,85,35,0.6,5.0,2
223,Remoraid,1,Water,,300,35,65,35,65,35,65,0.6,12.0,2
224,Octillery,2,Water,,480,75,105,75,105,75,45,0.9,28.5,2
225,Delibird,0,Ice,Flying,330,45,55,45,65,45,75,0.9,16.0,2
226,Mantine,2,Water,Flying,465,65,40,70,80,140,70,2.1,220.0,2
227,Skarmory,0,Steel,Flying,465,65,80,140,40,70,70,1.7,50.5,2
228,Houndour,1,Dark,Fire,330,45,60,30,80,50,65,0.6,10.8,2
229,Houndoom,2,Dark,Fire,500,75,90,50,110,80,95,1.4,35.0,2
230,Kingdra,2,Water,Dragon,540,75,95,95,95,95,85,1.8,152.0,2
231,Phanpy,1,Ground,,330,90,60,60,40,40,40,0.5,33.5,2
232,Donphan,2,Ground,,500,90,120,120,60,60,50,1.1,120.0,2
233,Porygon2,1,Normal,,515,85,80,90,105,95,60,0.6,32.5,2
234,Stantler,0,Normal,,465,73,95,62,85,65,85,1.4,71.2,2
235,Smeargle,0,Normal,,250,55,20,35,20,45,75,1.2,58.0,2
236,Tyrogue,1,Fighting,,210,35,35,35,35,35,35,0.7,21.0,2
237,Hitmontop,2,Fighting,,455,50,95,95,35,110,70,1.4,48.0,2
238,Smoochum,1,Ice,Psychic,305,45,30,15,85,65,65,0.4,6.0,2
239,Elekid,1,Electric,,360,45,63,37,65,55,95,0.6,23.5,2
240,Magby,1,Fire,,365,45,75,37,70,55,83,0.7,21.4,2
241,Miltank,0,Normal,,490,95,80,105,40,70,100,1.2,75.5,2
242,Blissey,2,Normal,,540,255,10,10,75,135,55,1.5,46.8,2
243,Raikou,3,Electric,,580,90,85,75,115,100,115,1.9,178.0,2
244,Entei,3,Fire,,580,115,115,85,90,75,100,2.1,198.0,2
245,Suicune,3,Water,,580,100,75,115,90,115,85,2.0,187.0,2
246,Larvitar,1,Rock,Ground,300,50,64,50,45,50,41,0.6,72.0,2
247,Pupitar,1,Rock,Ground,410,70,84,70,65,70,51,1.2,152.0,2
248,Tyranitar,2,Rock,Dark,600,100,134,110,95,100,61,2.0,202.0,2
249,Lugia,3,Psychic,Flying,680,106,90,130,90,154,110,5.2,216.0,2
250,Ho-oh,3,Fire,Flying,680,106,130,90,110,154,90,3.8,199.0,2
251,Celebi,4,Psychic,Grass,600,100,100,100,100,100,100,0.6,5.0,2
252,Treecko,1,Grass,,310,40,45,35,65,55,70,0.5,5.0,3
253,Grovyle,1,Grass,,405,50,65,45,85,65,95,0.9,21.6,3
254,Sceptile,2,Grass,,530,70,85,65,105,85,120,1.7,52.2,3
255,Torchic,1,Fire,,310,45,60,40,70,50,45,0.4,2.5,3
256,Combusken,1,Fire,Fighting,405,60,85,60,85,60,55,0.9,19.5,3
257,Blaziken,2,Fire,Fighting,530,80,120,70,110,70,80,1.9,52.0,3
258,Mudkip,1,Water,,310,50,70,50,50,50,40,0.4,7.6,3
259,Marshtomp,1,Water,Ground,405,70,85,70,60,70,50,0.7,28.0,3
260,Swampert,2,Water,Ground,535,100,110,90,85,90,60,1.5,81.9,3
261,Poochyena,1,Dark,,220,35,55,35,30,30,35,0.5,13.6,3
262,Mightyena,2,Dark,,420,70,90,70,60,60,70,1.0,37.0,3
263,Zigzagoon,1,Normal,,240,38,30,41,30,41,60,0.4,17.5,3
264,Linoone,2,Normal,,420,78,70,61,50,61,100,0.5,32.5,3
265,Wurmple,1,Bug,,195,45,45,35,20,30,20,0.3,3.6,3
266,Silcoon,1,Bug,,205,50,35,55,25,25,15,0.6,10.0,3
267,Beautifly,2,Bug,Flying,395,60,70,50,100,50,65,1.0,28.4,3
268,Cascoon,1,Bug,,205,50,35,55,25,25,15,0.7,11.5,3
269,Dustox,2,Bug,Poison,385,60,50,70,50,90,65,1.2,31.6,3
270,Lotad,1,Water,Grass,220,40,30,30,40,50,30,0.5,2.6,3
271,Lombre,1,Water,Grass,340,60,50,50,60,70,50,1.2,32.5,3
272,Ludicolo,2,Water,Grass,480,80,70,70,90,100,70,1.5,55.0,3
273,Seedot,1,Grass,,220,40,40,50,30,30,30,0.5,4.0,3
274,Nuzleaf,1,Grass,Dark,340,70,70,40,60,40,60,1.0,28.0,3
275,Shiftry,2,Grass,Dark,480,90,100,60,90,60,80,1.3,59.6,3
276,Taillow,1,Normal,Flying,270,40,55,30,30,30,85,0.3,2.3,3
277,Swellow,2,Normal,Flying,430,60,85,60,50,50,125,0.7,19.8,3
278,Wingull,1,Water,Flying,270,40,30,30,55,30,85,0.6,9.5,3
279,Pelipper,2,Water,Flying,430,60,50,100,85,70,65,1.2,28.0,3
280,Ralts,1,Psychic,Fairy,198,28,25,25,45,35,40,0.4,6.6,3
281,Kirlia,1,Psychic,Fairy,278,38,35,35,65,55,50,0.8,20.2,3
282,Gardevoir,2,Psychic,Fairy,518,68,65,65,125,115,80,1.6,48.4,3
283,Surskit,1,Bug,Water,269,40,30,32,50,52,65,0.5,1.7,3
284,Masquerain,2,Bug,Flying,414,70,60,62,80,82,60,0.8,3.6,3
285,Shroomish,1,Grass,,295,60,40,60,40,60,35,0.4,4.5,3
286,Breloom,2,Grass,Fighting,460,60,130,80,60,60,70,1.2,39.2,3
287,Slakoth,1,Normal,,280,60,60,60,35,35,30,0.8,24.0,3
288,Vigoroth,1,Normal,,440,80,80,80,55,55,90,1.4,46.5,3
289,Slaking,2,Normal,,670,150,160,100,95,65,100,2.0,130.5,3
290,Nincada,1,Bug,Ground,266,31,45,90,30,30,40,0.5,5.5,3
291,Ninjask,2,Bug,Flying,456,61,90,45,50,50,160,0.8,12.0,3
292,Shedinja,2,Bug,Ghost,236,1,90,45,30,30,40,0.8,1.2,3
293,Whismur,1,Normal,,240,64,51,23,51,23,28,0.6,16.3,3
294,Loudred,1,Normal,,360,84,71,43,71,43,48,1.0,40.5,3
295,Exploud,2,Normal,,490,104,91,63,91,73,68,1.5,84.0,3
296,Makuhita,1,Fighting,,237,72,60,30,20,30,25,1.0,86.4,3
297,Hariyama,2,Fighting,,474,144,120,60,40,60,50,2.3,253.8,3
298,Azurill,1,Normal,Fairy,190,50,20,40,20,40,20,0.2,2.0,3
299,Nosepass,1,Rock,,375,30,45,135,45,90,30,1.0,97.0,3
300,Skitty,1,Normal,,260,50,45,45,35,35,50,0.6,11.0,3
301,Delcatty,2,Normal,,380,70,65,65,55,55,70,1.1,32.6,3
302,Sableye,0,Dark,Ghost,380,50,75,75,65,65,50,0.5,11.0,3
303,Mawile,0,Steel,Fairy,380,50,85,85,55,55,50,0.6,11.5,3
304,Aron,1,Steel,Rock,330,50,70,100,40,40,30,0.4,60.0,3
305,Lairon,1,Steel,Rock,430,60,90,140,50,50,40,0.9,120.0,3
306,Aggron,2,Steel,Rock,530,70,110,180,60,60,50,2.1,360.0,3
307,Meditite,1,Fighting,Psychic,280,30,40,55,40,55,60,0.6,11.2,3
308,Medicham,2,Fighting,Psychic,410,60,60,75,60,75,80,1.3,31.5,3
309,Electrike,1,Electric,,295,40,45,40,65,40,65,0.6,15.2,3
310,Manectric,2,Electric,,475,70,75,60,105,60,105,1.5,40.2,3
311,Plusle,0,Electric,,405,60,50,40,85,75,95,0.4,4.2,3
312,Minun,0,Electric,,405,60,40,50,75,85,95,0.4,4.2,3
313,Volbeat,0,Bug,,400,65,73,55,47,75,85,0.7,17.7,3
314,Illumise,0,Bug,,400,65,47,55,73,75,85,0.6,17.7,3
315,Roselia,1,Grass,Poison,400,50,60,45,100,80,65,0.3,2.0,3
316,Gulpin,1,Poison,,302,70,43,53,43,53,40,0.4,10.3,3
317,Swalot,2,Poison,,467,100,73,83,73,83,55,1.7,80.0,3
318,Carvanha,1,Water,Dark,305,45,90,20,65,20,65,0.8,20.8,3
319,Sharpedo,2,Water,Dark,460,70,120,40,95,40,95,1.8,88.8,3
320,Wailmer,1,Water,,400,130,70,35,70,35,60,2.0,130.0,3
321,Wailord,2,Water,,500,170,90,45,90,45,60,14.5,398.0,3
322,Numel,1,Fire,Ground,305,60,60,40,65,45,35,0.7,24.0,3
323,Camerupt,2,Fire,Ground,460,70,100,70,105,75,40,1.9,220.0,3
324,Torkoal,0,Fire,,470,70,85,140,85,70,20,0.5,80.4,3
325,Spoink,1,Psychic,,330,60,25,35,70,80,60,0.7,30.6,3
326,Grumpig,2,Psychic,,470,80,45,65,90,110,80,0.9,71.5,3
327,Spinda,0,Normal,,360,60,60,60,60,60,60,1.1,5.0,3
328,Trapinch,1,Ground,,290,45,100,45,45,45,10,0.7,15.0,3
329,Vibrava,1,Ground,Dragon,340,50,70,50,50,50,70,1.1,15.3,3
330,Flygon,2,Ground,Dragon,520,80,100,80,80,80,100,2.0,82.0,3
331,Cacnea,1,Grass,,335,50,85,40,85,40,35,0.4,51.3,3
332,Cacturne,2,Grass,Dark,475,70,115,60,115,60,55,1.3,77.4,3
333,Swablu,1,Normal,Flying,310,45,40,60,40,75,50,0.4,1.2,3
334,Altaria,2,Dragon,Flying,490,75,70,90,70,105,80,1.1,20.6,3
335,Zangoose,0,Normal,,458,73,115,60,60,60,90,1.3,40.3,3
336,Seviper,0,Poison,,458,73,100,60,100,60,65,2.7,52.5,3
337,Lunatone,0,Rock,Psychic,440,70,55,65,95,85,70,1.0,168.0,3
338,Solrock,0,Rock,Psychic,440,70,95,85,55,65,70,1.2,154.0,3
339,Barboach,1,Water,Ground,288,50,48,43,46,41,60,0.4,1.9,3
340,Whiscash,2,Water,Ground,468,110,78,73,76,71,60,0.9,23.6,3
341,Corphish,1,Water,,308,43,80,65,50,35,35,0.6,11.5,3
342,Crawdaunt,2,Water,Dark,468,63,120,85,90,55,55,1.1,32.8,3
343,Baltoy,1,Ground,Psychic,300,40,40,55,40,70,55,0.5,21.5,3
344,Claydol,2,Ground,Psychic,500,60,70,105,70,120,75,1.5,108.0,3
345,Lileep,1,Rock,Grass,355,66,41,77,61,87,23,1.0,23.8,3
346,Cradily,2,Rock,Grass,495,86,81,97,81,107,43,1.5,60.4,3
347,Anorith,1,Rock,Bug,355,45,95,50,40,50,75,0.7,12.5,3
348,Armaldo,2,Rock,Bug,495,75,125,100,70,80,45,1.5,68.2,3
349,Feebas,1,Water,,200,20,15,20,10,55,80,0.6,7.4,3
350,Milotic,2,Water,,540,95,60,79,100,125,81,6.2,162.0,3
351,Castform,0,Normal,,420,70,70,70,70,70,70,0.3,0.8,3
352,Kecleon,0,Normal,,440,60,90,70,60,120,40,1.0,22.0,3
353,Shuppet,1,Ghost,,295,44,75,35,63,33,45,0.6,2.3,3
354,Banette,2,Ghost,,455,64,115,65,83,63,65,1.1,12.5,3
355,Duskull,1,Ghost,,295,20,40,90,30,90,25,0.8,15.0,3
356,Dusclops,1,Ghost,,455,40,70,130,60,130,25,1.6,30.6,3
357,Tropius,0,Grass,Flying,460,99,68,83,72,87,51,2.0,100.0,3
358,Chimecho,2,Psychic,,425,65,50,70,95,80,65,0.6,1.0,3
359,Absol,0,Dark,,465,65,130,60,75,60,75,1.2,47.0,3
360,Wynaut,1,Psychic,,260,95,23,48,23,48,23,0.6,14.0,3
361,Snorunt,1,Ice,,300,50,50,50,50,50,50,0.7,16.8,3
362,Glalie,2,Ice,,480,80,80,80,80,80,80,1.5,256.5,3
363,Spheal,1,Ice,Water,290,70,40,50,55,50,25,0.8,39.5,3
364,Sealeo,1,Ice,Water,410,90,60,70,75,70,45,1.1,87.6,3
365,Walrein,2,Ice,Water,530,110,80,90,95,90,65,1.4,150.6,3
366,Clamperl,1,Water,,345,35,64,85,74,55,32,0.4,52.5,3
367,Huntail,2,Water,,485,55,104,105,94,75,52,1.7,27.0,3
368,Gorebyss,2,Water,,485,55,84,105,114,75,52,1.8,22.6,3
369,Relicanth,0,Water,Rock,485,100,90,130,45,65,55,1.0,23.4,3
370,Luvdisc,0,Water,,330,43,30,55,40,65,97,0.6,8.7,3
371,Bagon,1,Dragon,,300,45,75,60,40,30,50,0.6,42.1,3
372,Shelgon,1,Dragon,,420,65,95,100,60,50,50,1.1,110.5,3
373,Salamence,2,Dragon,Flying,600,95,135,80,110,80,100,1.5,102.6,3
374,Beldum,1,Steel,Psychic,300,40,55,80,35,60,30,0.6,95.2,3
375,Metang,1,Steel,Psychic,420,60,75,100,55,80,50,1.2,202.5,3
376,Metagross,2,Steel,Psychic,600,80,135,130,95,90,70,1.6,550.0,3
377,Regirock,3,Rock,,580,80,100,200,50,100,50,1.7,230.0,3
378,Regice,3,Ice,,580,80,50,100,100,200,50,1.8,175.0,3
379,Registeel,3,Steel,,580,80,75,150,75,150,50,1.9,205.0,3
380,Latias,3,Dragon,Psychic,600,80,80,90,110,130,110,1.4,40.0,3
381,Latios,3,Dragon,Psychic,600,80,90,80,130,110,110,2.0,60.0,3
382,Kyogre,3,Water,,670,100,100,90,150,140,90,4.5,352.0,3
383,Groudon,3,Ground,,670,100,150,140,100,90,90,3.5,950.0,3
384,Rayquaza,3,Dragon,Flying,680,105,150,90,150,90,95,7.0,206.5,3
385,Jirachi,4,Steel,Psychic,600,100,100,100,100,100,100,0.3,1.1,3
386,DeoxysNormal Forme,4,Psychic,,600,50,150,50,150,50,150,1.7,60.8,3
386,DeoxysAttack Forme,4,Psychic,,600,50,180,20,180,20,150,1.7,60.8,3
386,DeoxysDefense Forme,4,Psychic,,600,50,70,160,70,160,90,1.7,60.8,3
386,DeoxysSpeed Forme,4,Psychic,,600,50,95,90,95,90,180,1.7,60.8,3
387,Turtwig,1,Grass,,318,55,68,64,45,55,31,0.4,10.2,4
388,Grotle,1,Grass,,405,75,89,85,55,65,36,1.1,97.0,4
389,Torterra,2,Grass,Ground,525,95,109,105,75,85,56,2.2,310.0,4
390,Chimchar,1,Fire,,309,44,58,44,58,44,61,0.5,6.2,4
391,Monferno,1,Fire,Fighting,405,64,78,52,78,52,81,0.9,22.0,4
392,Infernape,2,Fire,Fighting,534,76,104,71,104,71,108,1.2,55.0,4
393,Piplup,1,Water,,314,53,51,53,61,56,40,0.4,5.2,4
394,Prinplup,1,Water,,405,64,66,68,81,76,50,0.8,23.0,4
395,Empoleon,2,Water,Steel,530,84,86,88,111,101,60,1.7,84.5,4
396,Starly,1,Normal,Flying,245,40,55,30,30,30,60,0.3,2.0,4
397,Staravia,1,Normal,Flying,340,55,75,50,40,40,80,0.6,15.5,4
398,Staraptor,2,Normal,Flying,485,85,120,70,50,60,100,1.2,24.9,4
399,Bidoof,1,Normal,,250,59,45,40,35,40,31,0.5,20.0,4
400,Bibarel,2,Normal,Water,410,79,85,60,55,60,71,1.0,31.5,4
401,Kricketot,1,Bug,,194,37,25,41,25,41,25,0.3,2.2,4
402,Kricketune,2,Bug,,384,77,85,51,55,51,65,1.0,25.5,4
403,Shinx,1,Electric,,263,45,65,34,40,34,45,0.5,9.5,4
404,Luxio,1,Electric,,363,60,85,49,60,49,60,0.9,30.5,4
405,Luxray,2,Electric,,523,80,120,79,95,79,70,1.4,42.0,4
406,Budew,1,Grass,Poison,280,40,30,35,50,70,55,0.2,1.2,4
407,Roserade,2,Grass,Poison,515,60,70,65,125,105,90,0.9,14.5,4
408,Cranidos,1,Rock,,350,67,125,40,30,30,58,0.9,31.5,4
409,Rampardos,2,Rock,,495,97,165,60,65,50,58,1.6,102.5,4
410,Shieldon,1,Rock,Steel,350,30,42,118,42,88,30,0.5,57.0,4
411,Bastiodon,2,Rock,Steel,495,60,52,168,47,138,30,1.3,149.5,4
412,Burmy,1,Bug,,224,40,29,45,29,45,36,0.2,3.4,4
413,WormadamPlant Cloak,2,Bug,Grass,424,60,59,85,79,105,36,0.5,6.5,4
413,WormadamSandy Cloak,2,Bug,Ground,424,60,79,105,59,85,36,0.5,6.5,4
413,WormadamTrash Cloak,2,Bug,Steel,424,60,69,95,69,95,36,0.5,6.5,4
414,Mothim,2,Bug,Flying,424,70,94,50,94,50,66,0.9,23.3,4
415,Combee,1,Bug,Flying,244,30,30,42,30,42,70,0.3,5.5,4
416,Vespiquen,2,Bug,Flying,474,70,80,102,80,102,40,1.2,38.5,4
417,Pachirisu,0,Electric,,405,60,45,70,45,90,95,0.4,3.9,4
418,Buizel,1,Water,,330,55,65,35,60,30,85,0.7,29.5,4
419,Floatzel,2,Water,,495,85,105,55,85,50,115,1.1,33.5,4
420,Cherubi,1,Grass,,275,45,35,45,62,53,35,0.4,3.3,4
421,Cherrim,2,Grass,,450,70,60,70,87,78,85,0.5,9.3,4
422,Shellos,1,Water,,325,76,48,48,57,62,34,0.3,6.3,4
423,Gastrodon,2,Water,Ground,475,111,83,68,92,82,39,0.9,29.9,4
424,Ambipom,2,Normal,,482,75,100,66,60,66,115,1.2,20.3,4
425,Drifloon,1,Ghost,Flying,348,90,50,34,60,44,70,0.4,1.2,4
426,Drifblim,2,Ghost,Flying,498,150,80,44,90,54,80,1.2,15.0,4
427,Buneary,1,Normal,,350,55,66,44,44,56,85,0.4,5.5,4
428,Lopunny,2,Normal,,480,65,76,84,54,96,105,1.2,33.3,4
429,Mismagius,2,Ghost,,495,60,60,60,105,105,105,0.9,4.4,4
430,Honchkrow,2,Dark,Flying,505,100,125,52,105,52,71,0.9,27.3,4
431,Glameow,1,Normal,,310,49,55,42,42,37,85,0.5,3.9,4
432,Purugly,2,Normal,,452,71,82,64,64,59,112,1.0,43.8,4
433,Chingling,1,Psychic,,285,45,30,50,65,50,45,0.2,0.6,4
434,Stunky,1,Poison,Dark,329,63,63,47,41,41,74,0.4,19.2,4
435,Skuntank,2,Poison,Dark,479,103,93,67,71,61,84,1.0,38.0,4
436,Bronzor,1,Steel,Psychic,300,57,24,86,24,86,23,0.5,60.5,4
437,Bronzong,2,Steel,Psychic,500,67,89,116,79,116,33,1.3,187.0,4
438,Bonsly,1,Rock,,290,50,80,95,10,45,10,0.5,15.0,4
439,Mime Jr.,1,Psychic,Fairy,310,20,25,45,70,90,60,0.6,13.0,4
440,Happiny,1,Normal,,220,100,5,5,15,65,30,0.6,24.4,4
441,Chatot,0,Normal,Flying,411,76,65,45,92,42,91,0.5,1.9,4
442,Spiritomb,0,Ghost,Dark,485,50,92,108,92,108,35,1.0,108.0,4
443,Gible,1,Dragon,Ground,300,58,70,45,40,45,42,0.7,20.5,4
444,Gabite,1,Dragon,Ground,410,68,90,65,50,55,82,1.4,56.0,4
445,Garchomp,2,Dragon,Ground,600,108,130,95,80,85,102,1.9,95.0,4
446,Munchlax,1,Normal,,390,135,85,40,40,85,5,0.6,105.0,4
447,Riolu,1,Fighting,,285,40,70,40,35,40,60,0.7,20.2,4
448,Lucario,2,Fighting,Steel,525,70,110,70,115,70,90,1.2,54.0,4
449,Hippopotas,1,Ground,,330,68,72,78,38,42,32,0.8,49.5,4
450,Hippowdon,2,Ground,,525,108,112,118,68,72,47,2.0,300.0,4
451,Skorupi,1,Poison,Bug,330,40,50,90,30,55,65,0.8,12.0,4
452,Drapion,2,Poison,Dark,500,70,90,110,60,75,95,1.3,61.5,4
453,Croagunk,1,Poison,Fighting,300,48,61,40,61,40,50,0.7,23.0,4
454,Toxicroak,2,Poison,Fighting,490,83,106,65,86,65,85,1.3,44.4,4
455,Carnivine,0,Grass,,454,74,100,72,90,72,46,1.4,27.0,4
456,Finneon,1,Water,,330,49,49,56,49,61,66,0.4,7.0,4
457,Lumineon,2,Water,,460,69,69,76,69,86,91,1.2,24.0,4
458,Mantyke,1,Water,Flying,345,45,20,50,60,120,50,1.0,65.0,4
459,Snover,1,Grass,Ice,334,60,62,50,62,60,40,1.0,50.5,4
460,Abomasnow,2,Grass,Ice,494,90,92,75,92,85,60,2.2,135.5,4
461,Weavile,2,Dark,Ice,510,70,120,65,45,85,125,1.1,34.0,4
462,Magnezone,2,Electric,Steel,535,70,70,115,130,90,60,1.2,180.0,4
463,Lickilicky,2,Normal,,515,110,85,95,80,95,50,1.7,140.0,4
464,Rhyperior,2,Ground,Rock,535,115,140,130,55,55,40,2.4,282.8,4
465,Tangrowth,2,Grass,,535,100,100,125,110,50,50,2.0,128.6,4
466,Electivire,2,Electric,,540,75,123,67,95,85,95,1.8,138.6,4
467,Magmortar,2,Fire,,540,75,95,67,125,95,83,1.6,68.0,4
468,Togekiss,2,Fairy,Flying,545,85,50,95,120,115,80,1.5,38.0,4
469,Yanmega,2,Bug,Flying,515,86,76,86,116,56,95,1.9,51.5,4
470,Leafeon,2,Grass,,525,65,110,130,60,65,95,1.0,25.5,4
471,Glaceon,2,Ice,,525,65,60,110,130,95,65,0.8,25.9,4
472,Gliscor,2,Ground,Flying,510,75,95,125,45,75,95,2.0,42.5,4
473,Mamoswine,2,Ice,Ground,530,110,130,80,70,60,80,2.5,291.0,4
474,Porygon-Z,2,Normal,,535,85,80,70,135,75,90,0.9,34.0,4
475,Gallade,2,Psychic,Fighting,518,68,125,65,65,115,80,1.6,52.0,4
476,Probopass,2,Rock,Steel,525,60,55,145,75,150,40,1.4,340.0,4
477,Dusknoir,2,Ghost,,525,45,100,135,65,135,45,2.2,106.6,4
478,Froslass,2,Ice,Ghost,480,70,80,70,80,70,110,1.3,26.6,4
479,Rotom,0,Electric,Ghost,440,50,50,77,95,77,91,0.3,0.3,4
479,RotomHeat Rotom,0,Electric,Fire,520,50,65,107,105,107,86,0.3,0.3,4
479,RotomWash Rotom,0,Electric,Water,520,50,65,107,105,107,86,0.3,0.3,4
479,RotomFrost Rotom,0,Electric,Ice,520,50,65,107,105,107,86,0.3,0.3,4
479,RotomFan Rotom,0,Electric,Flying,520,50,65,107,105,107,86,0.3,0.3,4
479,RotomMow Rotom,0,Electric,Grass,520,50,65,107,105,107,86,0.3,0.3,4
480,Uxie,3,Psychic,,580,75,75,130,75,130,95,0.3,0.3,4
481,Mesprit,3,Psychic,,580,80,105,105,105,105,80,0.3,0.3,4
482,Azelf,3,Psychic,,580,75,125,70,125,70,115,0.3,0.3,4
483,Dialga,3,Steel,Dragon,680,100,120,120,150,100,90,5.4,683.0,4
484,Palkia,3,Water,Dragon,680,90,120,100,150,120,100,4.2,336.0,4
485,Heatran,3,Fire,Steel,600,91,90,106,130,106,77,1.7,430.0,4
486,Regigigas,3,Normal,,670,110,160,110,80,110,100,3.7,420.0,4
487,GiratinaAltered Forme,3,Ghost,Dragon,680,150,100,120,100,120,90,4.5,750.0,4
488,Cresselia,3,Psychic,,600,120,70,120,75,130,85,1.5,85.6,4
489,Phione,4,Water,,480,80,80,80,80,80,80,0.4,3.1,4
490,Manaphy,4,Water,,600,100,100,100,100,100,100,0.3,1.4,4
491,Darkrai,4,Dark,,600,70,90,90,135,90,125,1.5,50.5,4
492,ShayminLand Forme,4,Grass,,600,100,100,100,100,100,100,0.2,2.1,4
492,ShayminSky Forme,4,Grass,Flying,600,100,103,75,120,75,127,0.4,5.2,4
493,Arceus,4,Normal,,720,120,120,120,120,120,120,3.2,320.0,4
494,Victini,4,Psychic,Fire,600,100,100,100,100,100,100,0.4,4.0,5
495,Snivy,1,Grass,,308,45,45,55,45,55,63,0.6,8.1,5
496,Servine,1,Grass,,413,60,60,75,60,75,83,0.8,16.0,5
497,Serperior,2,Grass,,528,75,75,95,75,95,113,3.3,63.0,5
498,Tepig,1,Fire,,308,65,63,45,45,45,45,0.5,9.9,5
499,Pignite,1,Fire,Fighting,418,90,93,55,70,55,55,1.0,55.5,5
500,Emboar,2,Fire,Fighting,528,110,123,65,100,65,65,1.6,150.0,5
501,Oshawott,1,Water,,308,55,55,45,63,45,45,0.5,5.9,5
502,Dewott,1,Water,,413,75,75,60,83,60,60,0.8,24.5,5
503,Samurott,2,Water,,528,95,100,85,108,70,70,1.5,94.6,5
504,Patrat,1,Normal,,255,45,55,39,35,39,42,0.5,11.6,5
505,Watchog,2,Normal,,420,60,85,69,60,69,77,1.1,27.0,5
506,Lillipup,1,Normal,,275,45,60,45,25,45,55,0.4,4.1,5
507,Herdier,1,Normal,,370,65,80,65,35,65,60,0.9,14.7,5
508,Stoutland,2,Normal,,500,85,110,90,45,90,80,1.2,61.0,5
509,Purrloin,1,Dark,,281,41,50,37,50,37,66,0.4,10.1,5
510,Liepard,2,Dark,,446,64,88,50,88,50,106,1.1,37.5,5
511,Pansage,1,Grass,,316,50,53,48,53,48,64,0.6,10.5,5
512,Simisage,2,Grass,,498,75,98,63,98,63,101,1.1,30.5,5
513,Pansear,1,Fire,,316,50,53,48,53,48,64,0.6,11.0,5
514,Simisear,2,Fire,,498,75,98,63,98,63,101,1.0,28.0,5
515,Panpour,1,Water,,316,50,53,48,53,48,64,0.6,13.5,5
516,Simipour,2,Water,,498,75,98,63,98,63,101,1.0,29.0,5
517,Munna,1,Psychic,,292,76,25,45,67,55,24,0.6,23.3,5
518,Musharna,2,Psychic,,487,116,55,85,107,95,29,1.1,60.5,5
519,Pidove,1,Normal,Flying,264,50,55,50,36,30,43,0.3,2.1,5
520,Tranquill,1,Normal,Flying,358,62,77,62,50,42,65,0.6,15.0,5
521,Unfezant,2,Normal,Flying,488,80,115,80,65,55,93,1.2,29.0,5
522,Blitzle,1,Electric,,295,45,60,32,50,32,76,0.8,29.8,5
523,Zebstrika,2,Electric,,497,75,100,63,80,63,116,1.6,79.5,5
524,Roggenrola,1,Rock,,280,55,75,85,25,25,15,0.4,18.0,5
525,Boldore,1,Rock,,390,70,105,105,50,40,20,0.9,102.0,5
526,Gigalith,2,Rock,,515,85,135,130,60,80,25,1.7,260.0,5
527,Woobat,1,Psychic,Flying,313,55,45,43,55,43,72,0.4,2.1,5
528,Swoobat,2,Psychic,Flying,425,67,57,55,77,55,114,0.9,10.5,5
529,Drilbur,1,Ground,,328,60,85,40,30,45,68,0.3,8.5,5
530,Excadrill,2,Ground,Steel,508,110,135,60,50,65,88,0.7,40.4,5
531,Audino,0,Normal,,445,103,60,86,60,86,50,1.1,31.0,5
532,Timburr,1,Fighting,,305,75,80,55,25,35,35,0.6,12.5,5
533,Gurdurr,1,Fighting,,405,85,105,85,40,50,40,1.2,40.0,5
534,Conkeldurr,2,Fighting,,505,105,140,95,55,65,45,1.4,87.0,5
535,Tympole,1,Water,,294,50,50,40,50,40,64,0.5,4.5,5
536,Palpitoad,1,Water,Ground,384,75,65,55,65,55,69,0.8,17.0,5
537,Seismitoad,2,Water,Ground,509,105,95,75,85,75,74,1.5,62.0,5
538,Throh,0,Fighting,,465,120,100,85,30,85,45,1.3,55.5,5
539,Sawk,0,Fighting,,465,75,125,75,30,75,85,1.4,51.0,5
540,Sewaddle,1,Bug,Grass,310,45,53,70,40,60,42,0.3,2.5,5
541,Swadloon,1,Bug,Grass,380,55,63,90,50,80,42,0.5,7.3,5
542,Leavanny,2,Bug,Grass,500,75,103,80,70,80,92,1.2,20.5,5
543,Venipede,1,Bug,Poison,260,30,45,59,30,39,57,0.4,5.3,5
544,Whirlipede,1,Bug,Poison,360,40,55,99,40,79,47,1.2,58.5,5
545,Scolipede,2,Bug,Poison,485,60,100,89,55,69,112,2.5,200.5,5
546,Cottonee,1,Grass,Fairy,280,40,27,60,37,50,66,0.3,0.6,5
547,Whimsicott,2,Grass,Fairy,480,60,67,85,77,75,116,0.7,6.6,5
548,Petilil,1,Grass,,280,45,35,50,70,50,30,0.5,6.6,5
549,Lilligant,2,Grass,,480,70,60,75,110,75,90,1.1,16.3,5
550,Basculin,0,Water,,460,70,92,65,80,55,98,1.0,18.0,5
551,Sandile,1,Ground,Dark,292,50,72,35,35,35,65,0.7,15.2,5
552,Krokorok,1,Ground,Dark,351,60,82,45,45,45,74,1.0,33.4,5
553,Krookodile,2,Ground,Dark,519,95,117,80,65,70,92,1.5,96.3,5
554,Darumaka,1,Fire,,315,70,90,45,15,45,50,0.6,37.5,5
555,DarmanitanStandard Mode,2,Fire,,480,105,140,55,30,55,95,1.3,92.9,5
555,DarmanitanZen Mode,2,Fire,Psychic,540,105,30,105,140,105,55,1.3,92.9,5
556,Maractus,0,Grass,,461,75,86,67,106,67,60,1.0,28.0,5
557,Dwebble,1,Bug,Rock,325,50,65,85,35,35,55,0.3,14.5,5
558,Crustle,2,Bug,Rock,475,70,95,125,65,75,45,1.4,200.0,5
559,Scraggy,1,Dark,Fighting,348,50,75,70,35,70,48,0.6,11.8,5
560,Scrafty,2,Dark,Fighting,488,65,90,115,45,115,58,1.1,30.0,5
561,Sigilyph,0,Psychic,Flying,490,72,58,80,103,80,97,1.4,14.0,5
562,Yamask,1,Ghost,,303,38,30,85,55,65,30,0.5,1.5,5
563,Cofagrigus,2,Ghost,,483,58,50,145,95,105,30,1.7,76.5,5
564,Tirtouga,1,Water,Rock,355,54,78,103,53,45,22,0.7,16.5,5
565,Carracosta,2,Water,Rock,495,74,108,133,83,65,32,1.2,81.0,5
566,Archen,1,Rock,Flying,401,55,112,45,74,45,70,0.5,9.5,5
567,Archeops,2,Rock,Flying,567,75,140,65,112,65,110,1.4,32.0,5
568,Trubbish,1,Poison,,329,50,50,62,40,62,65,0.6,31.0,5
569,Garbodor,2,Poison,,474,80,95,82,60,82,75,1.9,107.3,5
570,Zorua,1,Dark,,330,40,65,40,80,40,65,0.7,12.5,5
571,Zoroark,2,Dark,,510,60,105,60,120,60,105,1.6,81.1,5
572,Minccino,1,Normal,,300,55,50,40,40,40,75,0.4,5.8,5
573,Cinccino,2,Normal,,470,75,95,60,65,60,115,0.5,7.5,5
574,Gothita,1,Psychic,,290,45,30,50,55,65,45,0.4,5.8,5
575,Gothorita,1,Psychic,,390,60,45,70,75,85,55,0.7,18.0,5
576,Gothitelle,2,Psychic,,490,70,55,95,95,110,65,1.5,44.0,5
577,Solosis,1,Psychic,,290,45,30,40,105,50,20,0.3,1.0,5
578,Duosion,1,Psychic,,370,65,40,50,125,60,30,0.6,8.0,5
579,Reuniclus,2,Psychic,,490,110,65,75,125,85,30,1.0,20.1,5
580,Ducklett,1,Water,Flying,305,62,44,50,44,50,55,0.5,5.5,5
581,Swanna,2,Water,Flying,473,75,87,63,87,63,98,1.3,24.2,5
582,Vanillite,1,Ice,,305,36,50,50,65,60,44,0.4,5.7,5
583,Vanillish,1,Ice,,395,51,65,65,80,75,59,1.1,41.0,5
584,Vanilluxe,2,Ice,,535,71,95,85,110,95,79,1.3,57.5,5
585,Deerling,1,Normal,Grass,335,60,60,50,40,50,75,0.6,19.5,5
586,Sawsbuck,2,Normal,Grass,475,80,100,70,60,70,95,1.9,92.5,5
587,Emolga,0,Electric,Flying,428,55,75,60,75,60,103,0.4,5.0,5
588,Karrablast,1,Bug,,315,50,75,45,40,45,60,0.5,5.9,5
589,Escavalier,2,Bug,Steel,495,70,135,105,60,105,20,1.0,33.0,5
590,Foongus,1,Grass,Poison,294,69,55,45,55,55,15,0.2,1.0,5
591,Amoonguss,2,Grass,Poison,464,114,85,70,85,80,30,0.6,10.5,5
592,Frillish,1,Water,Ghost,335,55,40,50,65,85,40,1.2,33.0,5
593,Jellicent,2,Water,Ghost,480,100,60,70,85,105,60,2.2,135.0,5
594,Alomomola,0,Water,,470,165,75,80,40,45,65,1.2,31.6,5
595,Joltik,1,Bug,Electric,319,50,47,50,57,50,65,0.1,0.6,5
596,Galvantula,2,Bug,Electric,472,70,77,60,97,60,108,0.8,14.3,5
597,Ferroseed,1,Grass,Steel,305,44,50,91,24,86,10,0.6,18.8,5
598,Ferrothorn,2,Grass,Steel,489,74,94,131,54,116,20,1.0,110.0,5
599,Klink,1,Steel,,300,40,55,70,45,60,30,0.3,21.0,5
600,Klang,1,Steel,,440,60,80,95,70,85,50,0.6,51.0,5
601,Klinklang,2,Steel,,520,60,100,115,70,85,90,0.6,81.0,5
602,Tynamo,1,Electric,,275,35,55,40,45,40,60,0.2,0.3,5
603,Eelektrik,1,Electric,,405,65,85,70,75,70,40,1.2,22.0,5
604,Eelektross,2,Electric,,515,85,115,80,105,80,50,2.1,80.5,5
605,Elgyem,1,Psychic,,335,55,55,55,85,55,30,0.5,9.0,5
606,Beheeyem,2,Psychic,,485,75,75,75,125,95,40,1.0,34.5,5
607,Litwick,1,Ghost,Fire,275,50,30,55,65,55,20,0.3,3.1,5
608,Lampent,1,Ghost,Fire,370,60,40,60,95,60,55,0.6,13.0,5
609,Chandelure,2,Ghost,Fire,520,60,55,90,145,90,80,1.0,34.3,5
610,Axew,1,Dragon,,320,46,87,60,30,40,57,0.6,18.0,5
611,Fraxure,1,Dragon,,410,66,117,70,40,50,67,1.0,36.0,5
612,Haxorus,2,Dragon,,540,76,147,90,60,70,97,1.8,105.5,5
613,Cubchoo,1,Ice,,305,55,70,40,60,40,40,0.5,8.5,5
614,Beartic,2,Ice,,485,95,110,80,70,80,50,2.6,260.0,5
615,Cryogonal,0,Ice,,485,70,50,30,95,135,105,1.1,148.0,5
616,Shelmet,1,Bug,,305,50,40,85,40,65,25,0.4,7.7,5
617,Accelgor,2,Bug,,495,80,70,40,100,60,145,0.8,25.3,5
618,Stunfisk,0,Ground,Electric,471,109,66,84,81,99,32,0.7,11.0,5
619,Mienfoo,1,Fighting,,350,45,85,50,55,50,65,0.9,20.0,5
620,Mienshao,2,Fighting,,510,65,125,60,95,60,105,1.4,35.5,5
621,Druddigon,0,Dragon,,485,77,120,90,60,90,48,1.6,139.0,5
622,Golett,1,Ground,Ghost,303,59,74,50,35,50,35,1.0,92.0,5
623,Golurk,2,Ground,Ghost,483,89,124,80,55,80,55,2.8,330.0,5
624,Pawniard,1,Dark,Steel,340,45,85,70,40,40,60,0.5,10.2,5
625,Bisharp,2,Dark,Steel,490,65,125,100,60,70,70,1.6,70.0,5
626,Bouffalant,0,Normal,,490,95,110,95,40,95,55,1.6,94.6,5
627,Rufflet,1,Normal,Flying,350,70,83,50,37,50,60,0.5,10.5,5
628,Braviary,2,Normal,Flying,510,100,123,75,57,75,80,1.5,41.0,5
629,Vullaby,1,Dark,Flying,370,70,55,75,45,65,60,0.5,9.0,5
630,Mandibuzz,2,Dark,Flying,510,110,65,105,55,95,80,1.2,39.5,5
631,Heatmor,0,Fire,,484,85,97,66,105,66,65,1.4,58.0,5
632,Durant,0,Bug,Steel,484,58,109,112,48,48,109,0.3,33.0,5
633,Deino,1,Dark,Dragon,300,52,65,50,45,50,38,0.8,17.3,5
634,Zweilous,1,Dark,Dragon,420,72,85,70,65,70,58,1.4,50.0,5
635,Hydreigon,2,Dark,Dragon,600,92,105,90,125,90,98,1.8,160.0,5
636,Larvesta,1,Bug,Fire,360,55,85,55,50,55,60,1.1,28.8,5
637,Volcarona,2,Bug,Fire,550,85,60,65,135,105,100,1.6,46.0,5
638,Cobalion,3,Steel,Fighting,580,91,90,129,90,72,108,2.1,250.0,5
639,Terrakion,3,Rock,Fighting,580,91,129,90,72,90,108,1.9,260.0,5
640,Virizion,3,Grass,Fighting,580,91,90,72,90,129,108,2.0,200.0,5
641,TornadusIncarnate Forme,3,Flying,,580,79,115,70,125,80,111,1.5,63.0,5
641,TornadusTherian Forme,3,Flying,,580,79,100,80,110,90,121,1.4,63,5
642,ThundurusIncarnate Forme,3,Electric,Flying,580,79,115,70,125,80,111,1.5,61.0,5
642,ThundurusTherian Forme,3,Electric,Flying,580,79,105,70,145,80,101,3.0,61.0,5
643,Reshiram,3,Dragon,Fire,680,100,120,100,150,120,90,3.2,330.0,5
644,Zekrom,3,Dragon,Electric,680,100,150,120,120,100,90,2.9,345.0,5
645,LandorusIncarnate Forme,3,Ground,Flying,600,89,125,90,115,80,101,1.5,68.0,5
645,LandorusTherian Forme,3,Ground,Flying,600,89,145,90,105,80,91,1.3,68,5
646,Kyurem,3,Dragon,Ice,660,125,130,90,130,90,95,3.0,325.0,5
646,KyuremBlack Kyurem,3,Dragon,Ice,700,125,170,100,120,90,95,3.3,325,5
646,KyuremWhite Kyurem,3,Dragon,Ice,700,125,120,90,170,100,95,3.6,325,5
647,Keldeo,4,Water,Fighting,580,91,72,90,129,90,108,1.4,48.5,5
648,MeloettaAria Forme,4,Normal,Psychic,600,100,77,77,128,128,90,0.6,6.5,5
648,MeloettaPirouette Forme,4,Normal,Fighting,600,100,128,90,77,77,128,0.6,6.5,5
649,Genesect,4,Bug,Steel,600,71,120,95,120,95,99,1.5,82.5,5
650,Chespin,1,Grass,,313,56,61,65,48,45,38,0.4,9.0,6
651,Quilladin,1,Grass,,405,61,78,95,56,58,57,0.7,29.0,6
652,Chesnaught,2,Grass,Fighting,530,88,107,122,74,75,64,1.6,90.0,6
653,Fennekin,1,Fire,,307,40,45,40,62,60,60,0.4,9.4,6
654,Braixen,1,Fire,,409,59,59,58,90,70,73,1.0,14.5,6
655,Delphox,2,Fire,Psychic,534,75,69,72,114,100,104,1.5,39.0,6
656,Froakie,1,Water,,314,41,56,40,62,44,71,0.3,7.0,6
657,Frogadier,1,Water,,405,54,63,52,83,56,97,0.6,10.9,6
658,Greninja,2,Water,Dark,530,72,95,67,103,71,122,1.5,40.0,6
659,Bunnelby,1,Normal,,237,38,36,38,32,36,57,0.4,5.0,6
660,Diggersby,2,Normal,Ground,423,85,56,77,50,77,78,1.0,42.4,6
661,Fletchling,1,Normal,Flying,278,45,50,43,40,38,62,0.3,1.7,6
662,Fletchinder,1,Fire,Flying,382,62,73,55,56,52,84,0.7,16.0,6
663,Talonflame,2,Fire,Flying,499,78,81,71,74,69,126,1.2,24.5,6
664,Scatterbug,1,Bug,,200,38,35,40,27,25,35,0.3,2.5,6
665,Spewpa,1,Bug,,213,45,22,60,27,30,29,0.3,8.4,6
666,Vivillon,2,Bug,Flying,411,80,52,50,90,50,89,1.2,17.0,6
667,Litleo,1,Fire,Normal,369,62,50,58,73,54,72,0.6,13.5,6
668,Pyroar,2,Fire,Normal,507,86,68,72,109,66,106,1.5,81.5,6
669,Flabébé,1,Fairy,,303,44,38,39,61,79,42,0.1,0.1,6
670,Floette,1,Fairy,,371,54,45,47,75,98,52,0.2,0.9,6
671,Florges,2,Fairy,,552,78,65,68,112,154,75,1.1,10.0,6
672,Skiddo,1,Grass,,350,66,65,48,62,57,52,0.9,31.0,6
673,Gogoat,2,Grass,,531,123,100,62,97,81,68,1.7,91.0,6
674,Pancham,1,Fighting,,348,67,82,62,46,48,43,0.6,8.0,6
675,Pangoro,2,Fighting,Dark,495,95,124,78,69,71,58,2.1,136.0,6
676,Furfrou,0,Normal,,472,75,80,60,65,90,102,1.2,28.0,6
677,Espurr,1,Psychic,,355,62,48,54,63,60,68,0.3,3.5,6
678,Meowstic,2,Psychic,,466,74,48,76,83,81,104,0.6,8.5,6
679,Honedge,1,Steel,Ghost,325,45,80,100,35,37,28,0.8,2.0,6
680,Doublade,1,Steel,Ghost,448,59,110,150,45,49,35,0.8,4.5,6
681,AegislashBlade Forme,2,Steel,Ghost,520,60,150,50,150,50,60,1.7,53.0,6
681,AegislashShield Forme,2,Steel,Ghost,520,60,50,150,50,150,60,1.7,53,6
682,Spritzee,1,Fairy,,341,78,52,60,63,65,23,0.2,0.5,6
683,Aromatisse,2,Fairy,,462,101,72,72,99,89,29,0.8,15.5,6
684,Swirlix,1,Fairy,,341,62,48,66,59,57,49,0.4,3.5,6
685,Slurpuff,2,Fairy,,480,82,80,86,85,75,72,0.8,5.0,6
686,Inkay,1,Dark,Psychic,288,53,54,53,37,46,45,0.4,3.5,6
687,Malamar,2,Dark,Psychic,482,86,92,88,68,75,73,1.5,47.0,6
688,Binacle,1,Rock,Water,306,42,52,67,39,56,50,0.5,31.0,6
689,Barbaracle,2,Rock,Water,500,72,105,115,54,86,68,1.3,96.0,6
690,Skrelp,1,Poison,Water,320,50,60,60,60,60,30,0.5,7.3,6
691,Dragalge,2,Poison,Dragon,494,65,75,90,97,123,44,1.8,81.5,6
692,Clauncher,1,Water,,330,50,53,62,58,63,44,0.5,8.3,6
693,Clawitzer,2,Water,,500,71,73,88,120,89,59,1.3,35.3,6
694,Helioptile,1,Electric,Normal,289,44,38,33,61,43,70,0.5,6.0,6
695,Heliolisk,2,Electric,Normal,481,62,55,52,109,94,109,1.0,21.0,6
696,Tyrunt,1,Rock,Dragon,362,58,89,77,45,45,48,0.8,26.0,6
697,Tyrantrum,2,Rock,Dragon,521,82,121,119,69,59,71,2.5,270.0,6
698,Amaura,1,Rock,Ice,362,77,59,50,67,63,46,1.3,25.2,6
699,Aurorus,2,Rock,Ice,521,123,77,72,99,92,58,2.7,225.0,6
700,Sylveon,2,Fairy,,525,95,65,65,110,130,60,1.0,23.5,6
701,Hawlucha,0,Fighting,Flying,500,78,92,75,74,63,118,0.8,21.5,6
702,Dedenne,0,Electric,Fairy,431,67,58,57,81,67,101,0.2,2.2,6
703,Carbink,0,Rock,Fairy,500,50,50,150,50,150,50,0.3,5.7,6
704,Goomy,1,Dragon,,300,45,50,35,55,75,40,0.3,2.8,6
705,Sliggoo,1,Dragon,,452,68,75,53,83,113,60,0.8,17.5,6
706,Goodra,2,Dragon,,600,90,100,70,110,150,80,2.0,150.5,6
707,Klefki,0,Steel,Fairy,470,57,80,91,80,87,75,0.2,3.0,6
708,Phantump,1,Ghost,Grass,309,43,70,48,50,60,38,0.4,7.0,6
709,Trevenant,2,Ghost,Grass,474,85,110,76,65,82,56,1.5,71.0,6
710,PumpkabooAverage Size,1,Ghost,Grass,335,49,66,70,44,55,51,0.3,3.5,6
710,PumpkabooSmall Size,1,Ghost,Grass,335,44,66,70,44,55,56,0.4,5.0,6
710,PumpkabooLarge Size,1,Ghost,Grass,335,54,66,70,44,55,46,0.5,7.5,6
710,PumpkabooSuper Size,1,Ghost,Grass,335,59,66,70,44,55,41,0.8,15.0,6
711,GourgeistAverage Size,2,Ghost,Grass,494,65,90,122,58,75,84,0.7,9.5,6
711,GourgeistSmall Size,2,Ghost,Grass,494,55,85,122,58,75,99,0.9,12.5,6
711,GourgeistLarge Size,2,Ghost,Grass,494,75,95,122,58,75,69,1.1,14.0,6
711,GourgeistSuper Size,2,Ghost,Grass,494,85,100,122,58,75,54,1.7,39.0,6
712,Bergmite,1,Ice,,304,55,69,85,32,35,28,1.0,99.5,6
713,Avalugg,2,Ice,,514,95,117,184,44,46,28,2.0,505.0,6
714,Noibat,1,Flying,Dragon,245,40,30,35,45,40,55,0.5,8.0,6
715,Noivern,2,Flying,Dragon,535,85,70,80,97,80,123,1.5,85.0,6
716,Xerneas,3,Fairy,,680,126,131,95,131,98,99,3.0,215.0,6
717,Yveltal,3,Dark,Flying,680,126,131,95,131,98,99,5.8,203.0,6
718,Zygarde50% Forme,3,Dragon,Ground,600,108,100,121,81,95,95,5.0,305.0,6
719,Diancie,4,Rock,Fairy,600,50,100,150,100,150,50,0.7,8.8,6
720,HoopaHoopa Confined,4,Psychic,Ghost,600,80,110,60,150,130,70,0.5,9.0,6
720,HoopaHoopa Unbound,4,Psychic,Dark,680,80,160,60,170,130,80,6.5,490.0,6
721,Volcanion,4,Fire,Water,600,80,110,120,130,90,70,1.7,195.0,6
,Rattata,1,Dark,Normal,253,30,56,35,25,35,72,0.3,3.8,7
,Raticate,2,Dark,Normal,413,75,71,70,40,80,77,0.7,25.5,7
,Pikachu,0,Electric,,430,45,80,50,75,60,120,0.4,6.0,7
,Raichu,1,Electric,Psychic,485,60,85,50,95,85,110,0.7,21.0,7
,Sandshrew,1,Ice,Steel,300,50,75,90,10,35,40,0.7,40.0,7
,Sandslash,2,Ice,Steel,450,75,100,120,25,65,65,1.2,55.0,7
,Vulpix,1,Ice,,299,38,41,40,50,65,65,0.6,9.9,7
,Ninetales,2,Ice,Fairy,505,73,67,75,81,100,109,1.1,19.9,7
,Diglett,1,Ground,Steel,265,10,55,30,35,45,90,0.2,1.0,7
,Dugtrio,2,Ground,Steel,425,35,100,60,50,70,110,0.7,66.6,7
,Meowth,1,Dark,,290,40,35,35,50,40,90,0.4,4.2,7
,Persian,2,Dark,,440,65,60,60,75,65,115,1.1,33.0,7
,Geodude,1,Rock,Electric,300,40,80,100,30,30,20,0.4,20.3,7
,Graveler,1,Rock,Electric,390,55,95,115,45,45,35,1.0,110.0,7
,Golem,2,Rock,Electric,495,80,120,130,55,65,45,1.7,316.0,7
,Grimer,1,Poison,Dark,325,80,80,50,40,50,25,0.7,42.0,7
,Muk,2,Poison,Dark,500,105,105,75,65,100,50,1.0,52.0,7
,Exeggutor,2,Grass,Dragon,530,95,105,85,125,75,45,10.9,415.6,7
,Marowak,2,Fire,Ghost,425,60,80,110,50,80,45,1.0,34.0,7
,Eevee,0,Normal,,435,65,75,70,65,85,75,3,6.5,7
,Zygarde10% Forme,3,Dragon,Ground,486,54,100,71,61,85,115,1.2,33.5,7
,Zygarde,3,Dragon,Ground,708,216,100,121,91,95,85,4.5,610.0,7
,Rowlet,1,Grass,Flying,320,68,55,55,50,50,42,0.3,1.5,7
,Dartrix,1,Grass,Flying,420,78,75,75,70,70,52,0.7,16.0,7
,Decidueye,2,Grass,Ghost,530,78,107,75,100,100,70,1.6,36.6,7
,Litten,1,Fire,,320,45,65,40,60,40,70,0.4,4.3,7
,Torracat,1,Fire,,420,65,85,50,80,50,90,0.7,25.0,7
,Incineroar,2,Fire,Dark,530,95,115,90,80,90,60,1.8,83.0,7
,Popplio,1,Water,,320,50,54,54,66,56,40,0.4,7.5,7
,Brionne,1,Water,,420,60,69,69,91,81,50,0.6,17.5,7
,Primarina,2,Water,Fairy,530,80,74,74,126,116,60,1.8,44.0,7
,Pikipek,1,Normal,Flying,265,35,75,30,30,30,65,0.3,1.2,7
,Trumbeak,1,Normal,Flying,355,55,85,50,40,50,75,0.6,14.8,7
,Toucannon,2,Normal,Flying,485,80,120,75,75,75,60,1.1,26.0,7
,Yungoos,1,Normal,,253,48,70,30,30,30,45,0.4,6.0,7
,Gumshoos,2,Normal,,418,88,110,60,55,60,45,0.7,14.2,7
,Grubbin,1,Bug,,300,47,62,45,55,45,46,0.4,4.4,7
,Charjabug,1,Bug,Electric,400,57,82,95,55,75,36,0.5,10.5,7
,Vikavolt,2,Bug,Electric,500,77,70,90,145,75,43,1.5,45.0,7
,Crabrawler,1,Fighting,,338,47,82,57,42,47,63,0.6,7.0,7
,Crabominable,2,Fighting,Ice,478,97,132,77,62,67,43,1.7,180.0,7
,Oricorio,0,Fire,Flying,476,75,70,70,98,70,93,0.6,3.4,7
,Oricorio,0,Electric,Flying,476,75,70,70,98,70,93,0.6,3.4,7
,Oricorio,0,Psychic,Flying,476,75,70,70,98,70,93,0.6,3.4,7
,Oricorio,0,Ghost,Flying,476,75,70,70,98,70,93,0.6,3.4,7
,Cutiefly,1,Bug,Fairy,304,40,45,40,55,40,84,0.1,0.2,7
,Ribombee,2,Bug,Fairy,464,60,55,60,95,70,124,0.2,0.5,7
,Rockruff,1,Rock,,280,45,65,40,30,40,60,0.5,9.2,7
,Lycanroc,2,Rock,,487,75,115,65,55,65,112,0.8,25.0,7
,Lycanroc,2,Rock,,487,85,115,75,55,75,82,1.1,25.0,7
,Lycanroc,2,Rock,,487,75,117,65,55,65,110,0.8,25.0,7
,Wishiwashi,0,Water,,175,45,20,20,25,25,40,0.2,0.3,7
,Wishiwashi,0,Water,,620,45,140,130,140,135,30,8.2,78.6,7
,Mareanie,1,Poison,Water,305,50,53,62,43,52,45,0.4,8.0,7
,Toxapex,2,Poison,Water,495,50,63,152,53,142,35,0.7,14.5,7
,Mudbray,1,Ground,,385,70,100,70,45,55,45,1.0,110.0,7
,Mudsdale,2,Ground,,500,100,125,100,55,85,35,2.5,920.0,7
,Dewpider,1,Water,Bug,269,38,40,52,40,72,27,0.3,4.0,7
,Araquanid,2,Water,Bug,454,68,70,92,50,132,42,1.8,82.0,7
,Fomantis,1,Grass,,250,40,55,35,50,35,35,0.3,1.5,7
,Lurantis,2,Grass,,480,70,105,90,80,90,45,0.9,18.5,7
,Morelull,1,Grass,Fairy,285,40,35,55,65,75,15,0.2,1.5,7
,Shiinotic,2,Grass,Fairy,405,60,45,80,90,100,30,1.0,11.5,7
,Salandit,1,Poison,Fire,320,48,44,40,71,40,77,0.6,4.8,7
,Salazzle,2,Poison,Fire,480,68,64,60,111,60,117,1.2,22.2,7
,Stufful,1,Normal,Fighting,340,70,75,50,45,50,50,0.5,6.8,7
,Bewear,2,Normal,Fighting,500,120,125,80,55,60,60,2.1,135.0,7
,Bounsweet,1,Grass,,210,42,30,38,30,38,32,0.3,3.2,7
,Steenee,1,Grass,,290,52,40,48,40,48,62,0.7,8.2,7
,Tsareena,2,Grass,,510,72,120,98,50,98,72,1.2,21.4,7
,Comfey,0,Fairy,,485,51,52,90,82,110,100,0.1,0.3,7
,Oranguru,0,Normal,Psychic,490,90,60,80,90,110,60,1.5,76.0,7
,Passimian,0,Fighting,,490,100,120,90,40,60,80,2.0,82.8,7
,Wimpod,1,Bug,Water,230,25,35,40,20,30,80,0.5,12.0,7
,Golisopod,2,Bug,Water,530,75,125,140,60,90,40,2.0,108.0,7
,Sandygast,1,Ghost,Ground,320,55,55,80,70,45,15,0.5,70.0,7
,Palossand,2,Ghost,Ground,480,85,75,110,100,75,35,1.3,250.0,7
,Pyukumuku,0,Water,,410,55,60,130,30,130,5,0.3,1.2,7
,Type: Null,1,Normal,,534,95,95,95,95,95,59,1.9,120.5,7
,Silvally,2,Normal,,570,95,95,95,95,95,95,2.3,100.5,7
,Minior,0,Rock,Flying,440,60,60,100,60,100,60,0.3,40.0,7
,Minior,0,Rock,Flying,500,60,100,60,100,60,120,0.3,0.3,7
,Komala,0,Normal,,480,65,115,65,75,95,65,0.4,19.9,7
,Turtonator,1,Fire,Dragon,485,60,78,135,91,85,36,2.0,212.0,7
,Togedemaru,0,Electric,Steel,435,65,98,63,40,73,96,0.3,3.3,7
,Mimikyu,0,Ghost,Fairy,476,55,90,80,50,105,96,0.2,0.7,7
,Bruxish,0,Water,Psychic,475,68,105,70,70,70,92,0.9,19.0,7
,Drampa,0,Normal,Dragon,485,78,60,85,135,91,36,3.0,185.0,7
,Dhelmise,0,Ghost,Grass,517,70,131,100,86,90,40,3.9,210.0,7
,Jangmo-o,1,Dragon,,300,45,55,65,45,45,45,0.6,29.7,7
,Hakamo-o,1,Dragon,Fighting,420,55,75,90,65,70,65,1.2,47.0,7
,Kommo-o,2,Dragon,Fighting,600,75,110,125,100,105,85,1.6,78.2,7
,Tapu Koko,3,Electric,Fairy,570,70,115,85,95,75,130,1.8,20.5,7
,Tapu Lele,3,Psychic,Fairy,570,70,85,75,130,115,95,1.2,18.6,7
,Tapu Bulu,3,Grass,Fairy,570,70,130,115,85,95,75,1.9,45.5,7
,Tapu Fini,3,Water,Fairy,570,70,75,115,95,130,85,1.3,21.2,7
,Cosmog,1,Psychic,,200,43,29,31,29,31,37,0.2,0.1,7
,Cosmoem,1,Psychic,,400,43,29,131,29,131,37,0.1,999.9,7
,Solgaleo,3,Psychic,Steel,680,137,137,107,113,89,97,3.4,230.0,7
,Lunala,3,Psychic,Ghost,680,137,113,89,137,107,97,4.0,120.0,7
,Nihilego,3,Rock,Poison,570,109,53,47,127,131,103,1.2,55.5,7
,Buzzwole,3,Bug,Fighting,570,107,139,139,53,53,79,2.4,333.6,7
,Pheromosa,3,Bug,Fighting,570,71,137,37,137,37,151,1.8,25.0,7
,Xurkitree,3,Electric,,570,83,89,71,173,71,83,3.8,100.0,7
,Celesteela,3,Steel,Flying,570,97,101,103,107,101,61,9.2,999.9,7
,Kartana,3,Grass,Steel,570,59,181,131,59,31,109,0.3,0.1,7
,Guzzlord,3,Dark,Dragon,570,223,101,53,97,53,43,5.5,888.0,7
,Necrozma,3,Psychic,,600,97,107,101,127,89,79,2.4,230.0,7
,Necrozma,3,Psychic,Steel,680,97,157,127,113,109,77,3.8,460.0,7
,Necrozma,3,Psychic,Ghost,680,97,113,109,157,127,77,4.2,350.0,7
,Necrozma,3,Psychic,Dragon,754,97,167,97,167,97,129,7.5,230.0,7
,Magearna,4,Steel,Fairy,600,80,95,115,130,115,65,1.0,80.5,7
,Marshadow,4,Fighting,Ghost,600,90,125,80,90,90,125,0.7,22.2,7
,Poipole,1,Poison,,420,67,73,67,73,67,73,0.6,1.8,7
,Naganadel,3,Poison,Dragon,540,73,73,73,127,73,121,3.6,150.0,7
,Stakataka,3,Rock,Steel,570,61,131,211,53,101,13,5.5,820.0,7
,Blacephalon,3,Fire,Ghost,570,53,127,53,151,79,107,1.8,13.0,7
,Zeraora,4,Electric,,600,88,112,75,102,80,143,1.5,44.5,7
,Meltan,1,Steel,,300,46,65,65,55,35,34,0.2,8.0,7
,Melmetal,4,Steel,,600,135,143,143,80,65,34,2.5,800.0,7
,Meowth,1,Steel,,290,50,65,55,40,40,40,0.4,7.5,8
,Ponyta,1,Psychic,,410,50,85,55,65,65,90,0.8,24.0,8
,Rapidash,2,Psychic,Fairy,500,65,100,70,80,80,105,1.7,80.0,8
,Slowpoke,1,Psychic,,315,90,65,65,40,40,15,1.2,36.0,8
,Slowbro,2,Poison,Psychic,490,95,100,95,100,70,30,1.6,70.5,8
,Farfetch'd,1,Fighting,,377,52,95,55,58,62,55,0.8,42.0,8
,Weezing,2,Poison,Fairy,490,65,90,120,85,70,60,3.0,16.0,8
,Mr. Mime,1,Psychic,Ice,460,50,65,65,90,90,100,1.4,56.8,8
,Articuno,3,Psychic,Flying,580,90,85,85,125,100,95,1.7,50.9,8
,Zapdos,3,Fighting,Flying,580,90,125,90,85,90,100,1.6,58.2,8
,Moltres,3,Dark,Flying,580,90,85,90,100,125,90,2.0,66.0,8
,Slowking,2,Poison,Psychic,490,95,65,80,110,110,30,1.8,79.5,8
,Corsola,1,Ghost,,410,60,55,100,65,100,30,0.6,0.5,8
,Zigzagoon,1,Dark,Normal,240,38,30,41,30,41,60,0.4,17.5,8
,Linoone,1,Dark,Normal,420,78,70,61,50,61,100,0.5,32.5,8
,Darumaka,1,Ice,,315,70,90,45,15,45,50,0.7,40.0,8
,Darmanitan,2,Ice,,480,105,140,55,30,55,95,1.7,120.0,8
,Darmanitan,2,Ice,Fire,540,105,160,55,30,55,135,1.7,120.0,8
,Yamask,1,Ground,Ghost,303,38,55,85,30,65,30,0.5,1.5,8
,Stunfisk,0,Ground,Steel,471,109,81,99,66,84,32,0.7,20.5,8
,Grookey,1,Grass,,310,50,65,50,40,40,65,0.3,5.0,8
,Thwackey,1,Grass,,420,70,85,70,55,60,80,0.7,14.0,8
,Rillaboom,2,Grass,,530,100,125,90,60,70,85,2.1,90.0,8
,Scorbunny,1,Fire,,310,50,71,40,40,40,69,0.3,4.5,8
,Raboot,1,Fire,,420,65,86,60,55,60,94,0.6,9.0,8
,Cinderace,2,Fire,,530,80,116,75,65,75,119,1.4,33.0,8
,Sobble,1,Water,,310,50,40,40,70,40,70,0.3,4.0,8
,Drizzile,1,Water,,420,65,60,55,95,55,90,0.7,11.5,8
,Inteleon,2,Water,,530,70,85,65,125,65,120,1.9,45.2,8
,Skwovet,1,Normal,,275,70,55,55,35,35,25,0.3,2.5,8
,Greedent,2,Normal,,460,120,95,95,55,75,20,0.6,6.0,8
,Rookidee,1,Flying,,245,38,47,35,33,35,57,0.2,1.8,8
,Corvisquire,1,Flying,,365,68,67,55,43,55,77,0.8,16.0,8
,Corviknight,2,Flying,Steel,495,98,87,105,53,85,67,2.2,75.0,8
,Blipbug,1,Bug,,180,25,20,20,25,45,45,0.4,0.8,8
,Dottler,1,Bug,Psychic,335,50,35,80,50,90,30,0.4,19.5,8
,Orbeetle,2,Bug,Psychic,505,60,45,110,80,120,90,0.4,40.8,8
,Nickit,1,Dark,,245,40,28,28,47,52,50,0.6,8.9,8
,Thievul,2,Dark,,455,70,58,58,87,92,90,1.2,19.9,8
,Gossifleur,1,Grass,,250,40,40,60,40,60,10,0.4,2.2,8
,Eldegoss,2,Grass,,460,60,50,90,80,120,60,0.5,2.5,8
,Wooloo,1,Normal,,270,42,40,55,40,45,48,0.6,6.0,8
,Dubwool,2,Normal,,490,72,80,100,60,90,88,3,43.0,8
,Chewtle,1,Water,,284,50,64,50,38,38,44,0.3,8.5,8
,Drednaw,2,Water,Rock,485,90,115,90,48,68,74,1,115.5,8
,Yamper,1,Electric,,270,59,45,50,40,50,26,0.3,13.5,8
,Boltund,2,Electric,,490,69,90,60,90,60,121,1,34.0,8
,Rolycoly,1,Rock,,240,30,40,50,40,50,30,0.3,12.0,8
,Carkol,1,Rock,Fire,410,80,60,90,60,70,50,1.1,78.0,8
,Coalossal,2,Rock,Fire,510,110,80,120,80,90,30,2.8,310.5,8
,Applin,1,Grass,Dragon,260,40,40,80,40,40,20,0.2,0.5,8
,Flapple,2,Grass,Dragon,485,70,110,80,95,60,70,0.3,1.0,8
,Appletun,2,Grass,Dragon,485,110,85,80,100,80,30,0.4,13.0,8
,Silicobra,1,Ground,,315,52,57,75,35,50,46,2.2,7.6,8
,Sandaconda,2,Ground,,510,72,107,125,65,70,71,3.8,65.5,8
,Cramorant,0,Flying,Water,475,70,85,55,85,95,85,0.8,18.0,8
,Arrokuda,1,Water,,280,41,63,40,40,30,66,0.5,1.0,8
,Barraskewda,2,Water,,490,61,123,60,60,50,136,1.3,30.0,8
,Toxel,1,Electric,Poison,242,40,38,35,54,35,40,0.4,11.0,8
,Toxtricity,2,Electric,Poison,502,75,98,70,114,70,75,1.6,40.0,8
,Toxtricity,2,Electric,Poison,502,75,98,70,114,70,75,1.6,40.0,8
,Sizzlipede,1,Fire,Bug,305,50,65,45,50,50,45,0.7,1.0,8
,Centiskorch,2,Fire,Bug,525,100,115,65,90,90,65,3.0,120.0,8
,Clobbopus,1,Fighting,,310,50,68,60,50,50,32,0.6,4.0,8
,Grapploct,2,Fighting,,480,80,118,90,70,80,42,1.6,39.0,8
,Sinistea,1,Ghost,,308,40,45,45,74,54,50,0.1,0.2,8
,Polteageist,2,Ghost,,508,60,65,65,134,114,70,0.2,0.4,8
,Hatenna,1,Psychic,,265,42,30,45,56,53,39,0.4,3.4,8
,Hattrem,1,Psychic,,370,57,40,65,86,73,49,0.6,4.8,8
,Hatterene,2,Psychic,Fairy,510,57,90,95,136,103,29,2.1,5.0,8
,Impidimp,1,Dark,Fairy,265,45,45,30,55,40,50,0.4,5.5,8
,Morgrem,1,Dark,Fairy,370,65,60,45,75,55,70,0.8,12.5,8
,Grimmsnarl,2,Dark,Fairy,510,95,120,65,95,75,60,1.5,61.0,8
,Obstagoon,2,Dark,Normal,520,93,90,101,60,81,95,1.6,46.0,8
,Perrserker,2,Steel,,440,70,110,100,50,60,50,0.8,28.0,8
,Cursola,2,Ghost,,510,60,95,50,145,130,30,1.0,0.4,8
,Sirfetch'd,2,Fighting,,507,62,135,95,68,82,65,0.8,117.0,8
,Mr. Rime,2,Psychic,Ice,520,80,85,75,110,100,70,1.5,58.2,8
,Runerigus,2,Ground,Ghost,483,58,95,145,50,105,30,1.6,66.6,8
,Milcery,1,Fairy,,270,45,40,40,50,61,34,0.2,0.3,8
,Alcremie,2,Fairy,,495,65,60,75,110,121,64,0.3,0.5,8
,Falinks,0,Fighting,,470,65,100,100,70,60,75,3.0,62.0,8
,Pincurchin,0,Electric,,435,48,101,95,91,85,15,0.3,1.0,8
,Snom,1,Ice,Bug,185,30,25,35,45,30,20,0.3,3.8,8
,Frosmoth,2,Ice,Bug,475,70,65,60,125,90,65,1.3,42.0,8
,Stonjourner,0,Rock,,470,100,125,135,20,20,70,2.5,520.0,8
,Eiscue,0,Ice,,470,75,80,110,65,90,50,1.4,89.0,8
,Eiscue,0,Ice,,470,75,80,70,65,50,130,1.4,89.0,8
,Indeedee,0,Psychic,Normal,475,60,65,55,105,95,95,0.9,28.0,8
,Indeedee,0,Psychic,Normal,475,70,55,65,95,105,85,0.9,28.0,8
,Morpeko,0,Electric,Dark,436,58,95,58,70,58,97,0.3,3.0,8
,Cufant,1,Steel,,330,72,80,49,40,49,40,1.2,100.0,8
,Copperajah,2,Steel,,500,122,130,69,80,69,30,3.0,650.0,8
,Dracozolt,0,Electric,Dragon,505,90,100,90,80,70,75,1.8,190.0,8
,Arctozolt,0,Electric,Ice,505,90,100,90,90,80,55,2.3,150.0,8
,Dracovish,0,Water,Dragon,505,90,90,100,70,80,75,2.3,215.0,8
,Arctovish,0,Water,Ice,505,90,90,100,80,90,55,2.0,175.0,8
,Duraludon,0,Steel,Dragon,535,70,95,115,120,50,85,1.8,40.0,8
,Dreepy,1,Dragon,Ghost,270,28,60,30,40,30,82,0.5,0.2,8
,Drakloak,1,Dragon,Ghost,410,68,80,50,60,50,102,1.4,11.0,8
,Dragapult,2,Dragon,Ghost,600,88,120,75,100,75,142,3.0,50.0,8
,Zacian,3,Fairy,Steel,720,92,170,115,80,115,148,2.8,355.0,8
,Zacian,3,Fairy,,670,92,130,115,80,115,138,2.8,110.0,8
,Zamazenta,3,Fighting,Steel,720,92,130,145,80,145,128,2.9,785.0,8
,Zamazenta,3,Fighting,,670,92,130,115,80,115,138,2.9,210.0,8
,Eternatus,3,Poison,Dragon,690,140,85,95,145,95,130,20.0,950.0,8
,Kubfu,1,Fighting,,385,60,90,60,53,50,72,0.6,12.0,8
,Urshifu,3,Fighting,Dark,550,100,130,100,63,60,97,1.9,105.0,8
,Urshifu,3,Fighting,Water,550,100,130,100,63,60,97,1.9,105.0,8
,Zarude,4,Dark,Grass,600,105,120,105,70,95,105,1.8,70.0,8
,Regieleki,3,Electric,,580,80,100,50,100,50,200,1.2,145.0,8
,Regidrago,3,Dragon,,580,200,100,50,100,50,80,2.1,200.0,8
,Glastrier,3,Ice,,580,100,145,130,65,110,30,2.2,800.0,8
,Spectrier,3,Ghost,,580,100,65,60,145,80,130,2.0,44.5,8
,Calyrex,4,Psychic,Grass,500,100,80,80,80,80,80,1.1,7.7,8
,Calyrex,3,Psychic,Ice,680,100,165,150,85,130,50,2.4,809.1,8
,Calyrex,3,Psychic,Ghost,680,100,85,80,165,100,150,2.4,53.6,8